﻿CustomerID,CustomerName,ContactName,Address,City,PostalCode,Country,Latitude,Longitude
1,Alfreds Futterkiste,Maria Anders,Obere Str. 57,Berlin,12209,Germany,52.4182491,13.3288407
2,Ana Trujillo Emparedados y helados,Ana Trujillo,Avda. de la Constitución 2222,México D.F.,5021,Mexico,19.4326077,-99.133208
3,Antonio Moreno Taquería,Antonio Moreno,Mataderos 2312,México D.F.,5023,Mexico,-34.6600786,-58.5031222
4,Around the Horn,Thomas Hardy,120 Hanover Sq.,London,WA1 1DP,UK,51.5135286,-0.1438208
5,Berglunds snabbköp,Christina Berglund,Berguvsvägen 8,Luleå,S-958 22,Sweden,65.584819,22.1567026
6,Blauer See Delikatessen,Hanna Moos,Forsterstr. 57,Mannheim,68306,Germany,49.5019909,8.5068841
7,Blondel père et fils,Frédérique Citeaux,"24, place Kléber",Strasbourg,67000,France,48.5835085,7.744696
8,Bólido Comidas preparadas,Martín Sommer,"C/ Araquil, 67",Madrid,28023,Spain,40.4604321,-3.7799047
9,Bon app',Laurence Lebihans,"12, rue des Bouchers",Marseille,13008,France,43.2611295,5.3886613
10,Bottom-Dollar Marketse,Elizabeth Lincoln,23 Tsawassen Blvd.,Tsawassen,T2F 8M4,Canada,49.018038,-123.0818253
11,B's Beverages,Victoria Ashworth,Fauntleroy Circus,London,EC2 5NT,UK,51.5144896,-0.1246935
12,Cactus Comidas para llevar,Patricio Simpson,Cerrito 333,Buenos Aires,1010,Argentina,-34.6049956,-58.3820816
13,Centro comercial Moctezuma,Francisco Chang,Sierras de Granada 9993,México D.F.,5022,Mexico,19.4326077,-99.133208
14,Chop-suey Chinese,Yang Wang,Hauptstr. 29,Bern,3012,Switzerland,46.9479739,7.4474468
15,Comércio Mineiro,Pedro Afonso,"Av. dos Lusíadas, 23",São Paulo,05432-043,Brazil,-23.5505199,-46.6333094
16,Consolidated Holdings,Elizabeth Brown,Berkeley Gardens 12 Brewery,London,WX1 6LT,UK,51.6369801,-0.0829274
17,Drachenblut Delikatessend,Sven Ottlieb,Walserweg 21,Aachen,52066,Germany,50.7533438,6.1123901
18,Du monde entier,Janine Labrune,"67, rue des Cinquante Otages",Nantes,44000,France,47.2185896,-1.5570996
19,Eastern Connection,Ann Devon,35 King George,London,WX3 6FW,UK,51.5073509,-0.1277583
20,Ernst Handel,Roland Mendel,Kirchgasse 6,Graz,8010,Austria,46.8497687,14.1896814
21,Familia Arquibaldo,Aria Cruz,"Rua Orós, 92",São Paulo,05442-030,Brazil,-23.5438373,-46.6981141
22,FISSA Fabrica Inter. Salchichas S.A.,Diego Roel,"C/ Moralzarzal, 86",Madrid,28034,Spain,40.4938993,-3.7123061
23,Folies gourmandes,Martine Rancé,"184, chaussée de Tournai",Lille,59000,France,50.6138111,3.0423599
24,Folk och fä HB,Maria Larsson,Åkergatan 24,Bräcke,S-844 67,Sweden,62.7507414,15.4225748
25,Frankenversand,Peter Franken,Berliner Platz 43,München,80805,Germany,48.1730861,11.5879194
26,France restauration,Carine Schmitt,"54, rue Royale",Nantes,44000,France,47.2142659,-1.5582078
27,Franchi S.p.A.,Paolo Accorti,Via Monte Bianco 34,Torino,10100,Italy,45.8450537,6.9338973
28,Furia Bacalhau e Frutos do Mar,Lino Rodriguez,Jardim das rosas n. 32,Lisboa,1675,Portugal,38.7639293,-9.1995368
29,Galería del gastrónomo,Eduardo Saavedra,"Rambla de Cataluña, 23",Barcelona,8022,Spain,41.3887449,2.1660924
30,Godos Cocina Típica,José Pedro Freyre,"C/ Romero, 33",Sevilla,41101,Spain,37.3890924,-5.9844589
31,Gourmet Lanchonetes,André Fonseca,"Av. Brasil, 442",Campinas,04876-786,Brazil,-22.8906147,-47.0633365
32,Great Lakes Food Market,Howard Snyder,2732 Baker Blvd.,Eugene,97403,USA,44.0284944,-123.0731791
33,GROSELLA-Restaurante,Manuel Pereira,5ª Ave. Los Palos Grandes,Caracas,1081,Venezuela,10.5070574,-66.8403752
34,Hanari Carnes,Mario Pontes,"Rua do Paço, 67",Rio de Janeiro,05454-876,Brazil,-22.9068467,-43.1728965
35,HILARIÓN-Abastos,Carlos Hernández,Carrera 22 con Ave. Carlos Soublette #8-35,San Cristóbal,5022,Venezuela,8.1362938,-71.975699
36,Hungry Coyote Import Store,Yoshi Latimer,City Center Plaza 516 Main St.,Elgin,97827,USA,42.0354084,-88.2825668
37,Hungry Owl All-Night Grocers,Patricia McKenna,8 Johnstown Road,Cork,,Ireland,51.8985143,-8.4756035
38,Island Trading,Helen Bennett,Garden House Crowther Way,Cowes,PO31 7PJ,UK,50.7525129,-1.2955023
39,Königlich Essen,Philip Cramer,Maubelstr. 90,Brandenburg,14776,Germany,52.3877144,12.5608112
40,La corne d'abondance,Daniel Tonini,"67, avenue de l'Europe",Versailles,78000,France,48.8047232,2.1310549
41,La maison d'Asie,Annette Roulet,1 rue Alsace-Lorraine,Toulouse,31000,France,43.5996235,1.4454683
42,Laughing Bacchus Wine Cellars,Yoshi Tannamuri,1900 Oak St.,Vancouver,V3F 2K1,Canada,49.2659881,-123.1265042
43,Lazy K Kountry Store,John Steel,12 Orchestra Terrace,Walla Walla,99362,USA,46.0671362,-118.3388946
44,Lehmanns Marktstand,Renate Messner,Magazinweg 7,Frankfurt a.M.,60528,Germany,50.0734195,8.6361502
45,Let's Stop N Shop,Jaime Yorres,87 Polk St. Suite 5,San Francisco,94117,USA,37.7766956,-122.4177655
46,LILA-Supermercado,Carlos González,Carrera 52 con Ave. Bolívar #65-98 Llano Largo,Barquisimeto,3508,Venezuela,10.0607772,-69.2752338
47,LINO-Delicateses,Felipe Izquierdo,Ave. 5 de Mayo Porlamar,I. de Margarita,4980,Venezuela,10.9570221,-63.8699655
48,Lonesome Pine Restaurant,Fran Wilson,89 Chiaroscuro Rd.,Portland,97219,USA,45.4618086,-122.7181903
49,Magazzini Alimentari Riuniti,Giovanni Rovelli,Via Ludovico il Moro 22,Bergamo,24100,Italy,45.6982642,9.6772698
50,Maison Dewey,Catherine Dewey,Rue Joseph-Bens 532,Bruxelles,B-1180,Belgium,50.8067607,4.3323174
51,Mère Paillarde,Jean Fresnière,43 rue St. Laurent,Montréal,H1J 1C3,Canada,45.5412506,-73.6418445
52,Morgenstern Gesundkost,Alexander Feuer,Heerstr. 22,Leipzig,4179,Germany,51.3396955,12.3730747
53,North/South,Simon Crowther,South House 300 Queensbridge,London,SW7 1RZ,UK,51.5423486,-0.0697206
54,Océano Atlántico Ltda.,Yvonne Moncada,Ing. Gustavo Moncada 8585 Piso 20-A,Buenos Aires,1010,Argentina,-34.6030312,-58.3707695
55,Old World Delicatessen,Rene Phillips,2743 Bering St.,Anchorage,99508,USA,61.1952839,-149.895994
56,Ottilies Käseladen,Henriette Pfalzheim,Mehrheimerstr. 369,Köln,50739,Germany,50.9734067,6.9461507
57,Paris spécialités,Marie Bertrand,"265, boulevard Charonne",Paris,75012,France,48.857912,2.3920539
58,Pericles Comidas clásicas,Guillermo Fernández,Calle Dr. Jorge Cash 321,México D.F.,5033,Mexico,19.4326077,-99.133208
59,Piccolo und mehr,Georg Pipps,Geislweg 14,Salzburg,5020,Austria,47.8051393,13.0380686
60,Princesa Isabel Vinhoss,Isabel de Castro,Estrada da saúde n. 58,Lisboa,1756,Portugal,38.6946153,-9.2140076
61,Que Delícia,Bernardo Batista,"Rua da Panificadora, 12",Rio de Janeiro,02389-673,Brazil,-22.9068467,-43.1728965
62,Queen Cozinha,Lúcia Carvalho,"Alameda dos Canàrios, 891",São Paulo,05487-020,Brazil,-23.7910189,-46.739453
63,QUICK-Stop,Horst Kloss,Taucherstraße 10,Cunewalde,1307,Germany,51.1799698,14.4370284
64,Rancho grande,Sergio Gutiérrez,Av. del Libertador 900,Buenos Aires,1010,Argentina,-34.5871243,-58.3850434
65,Rattlesnake Canyon Grocery,Paula Wilson,2817 Milton Dr.,Albuquerque,87110,USA,35.1009909,-106.5701927
66,Reggiani Caseifici,Maurizio Moroni,Strada Provinciale 124,Reggio Emilia,42100,Italy,44.585658,10.5564736
67,Ricardo Adocicados,Janete Limeira,"Av. Copacabana, 267",Rio de Janeiro,02389-890,Brazil,-22.9664216,-43.1785378
68,Richter Supermarkt,Michael Holz,Grenzacherweg 237,Genève,1203,Switzerland,47.5692729,7.6451881
69,Romero y tomillo,Alejandra Camino,"Gran Vía, 1",Madrid,28001,Spain,40.4190792,-3.6980083
70,Santé Gourmet,Jonas Bergulfsen,Erling Skakkes gate 78,Stavern,4110,Norway,63.4292057,10.3891997
71,Save-a-lot Markets,Jose Pavarotti,187 Suffolk Ln.,Boise,83720,USA,43.5777231,-116.3373271
72,Seven Seas Imports,Hari Kumar,90 Wadhurst Rd.,London,OX15 4NB,UK,51.4979135,-0.2624829
73,Simons bistro,Jytte Petersen,Vinbæltet 34,København,1734,Denmark,55.6760968,12.5683372
74,Spécialités du monde,Dominique Perrier,"25, rue Lauriston",Paris,75016,France,48.8711159,2.2919884
75,Split Rail Beer & Ale,Art Braunschweiger,P.O. Box 555,Lander,82520,USA,42.833014,-108.7306725
76,Suprêmes délices,Pascale Cartrain,"Boulevard Tirou, 255",Charleroi,B-6000,Belgium,50.4063268,4.4471199
77,The Big Cheese,Liz Nixon,89 Jefferson Way Suite 2,Portland,97201,USA,45.505603,-122.6882145
78,The Cracker Box,Liu Wong,55 Grizzly Peak Rd.,Butte,59801,USA,46.0038232,-112.5347775
79,Toms Spezialitäten,Karin Josephs,Luisenstr. 48,Münster,44087,Germany,51.9606649,7.6261347
80,Tortuga Restaurante,Miguel Angel Paolino,Avda. Azteca 123,México D.F.,5033,Mexico,19.3962463,-99.1024789
81,Tradição Hipermercados,Anabela Domingues,"Av. Inês de Castro, 414",São Paulo,05634-030,Brazil,-23.5505199,-46.6333094
82,Trail's Head Gourmet Provisioners,Helvetius Nagy,722 DaVinci Blvd.,Kirkland,98034,USA,47.7148126,-122.2031264
83,Vaffeljernet,Palle Ibsen,Smagsløget 45,Århus,8200,Denmark,55.6729814,12.5597435
84,Victuailles en stock,Mary Saveley,"2, rue du Commerce",Lyon,69004,France,45.7767599,4.8349933
85,Vins et alcools Chevalier,Paul Henriot,59 rue de l'Abbaye,Reims,51100,France,49.2442751,4.0346212
86,Die Wandernde Kuh,Rita Müller,Adenauerallee 900,Stuttgart,70563,Germany,48.7298143,9.0999522
87,Wartian Herkku,Pirkko Koskitalo,Torikatu 38,Oulu,90110,Finland,65.010279,25.4650189
88,Wellington Importadora,Paula Parente,"Rua do Mercado, 12",Resende,08737-363,Brazil,-22.471376,-44.4534431
89,White Clover Markets,Karl Jablonski,305 - 14th Ave. S. Suite 3B,Seattle,98128,USA,47.6062095,-122.3320708
90,Wilman Kala,Matti Karttunen,Keskuskatu 45,Helsinki,21240,Finland,60.1700327,24.9429505
91,Wolski,Zbyszek,ul. Filtrowa 68,Walla,01-012,Poland,52.2189106,20.9976972
