NAME,STATE,ADDRESS,Latitude,Longitude
"INEC Abia Hqtr, Umuahia",Abia,"UCDA Road, Opposite Abia State Secretariat, P.M.B. 7223, Umuahia",5.525982,7.513276
"INEC Adamawa Hqtr, Jimeta",Adamawa,"No 33, Galadima Aminu Way, Adjacent NNPC Mega filling station, Jimeta, Yola",9.28333,12.46667
"INEC Akwa-Ibom Hqtr, Calabar",Akwa-Ibom,"Plot 4/5 Udo Udoma Avenue P.M.B. 1116, Uyo",4.9988714,8.334555
"INEC Anambara Hqtr, Awka",Anambra,"House Of Assembly Road, Off Aroma Junction, Enugu-Onitsha Express Way, Akwa",6.234931,7.080384
"INEC Bauchi Hqtr, Bauchi",Bauchi,"High Court Close, Off Ahmadu Bello Way, Bauchi",10.31689,9.8296
"INEC Benue Hqtr, Makurdi",Benue,"No. 8 Jonah Jang Crescent, Opposite Federal Secretariat, Makurdi.",7.709681,8.527267
"INEC Borno Hqtr, Maiduguri",Borno,"Airport Road, P.M.B. 1645, Maiduguri, Borno State.",11.8436599,13.0861767
"INEC Bayelsa Hqtr, Yenagoa",Bayelsa,"Road Safety Road, Yenagoa",4.9378742,6.2714292
"INEC Cross-River Hqtr, Calabar",Cross-River,"No. 81 Murtula mohammed Highway, Calabar.",5.011425,8.329815
"INEC Delta Hqtr, Asaba",Delta,"NTA Road, Off Okpanam Road, Asaba",6.218859,6.683576
"INEC Ebonyi Hqtr, Abakaliki",Ebonyi,"No. 5 Town Planning Road, Abakaliki, Ebonyi State",6.3267112,8.1099312
"INEC Edo Hqtr, Benin City",Edo,"No.3 Benin-Auchi Road, Ikpoba Hill, Benin City",6.3496306,5.6609366
"INEC Ekiti Hqtr, Ekiti",Ekiti,"INEC HQ, GRA Extension, New Iyin Road, P.M.B. 5324, Ado Ekiti",7.63232,5.21787
"INEC Enugu Hqtr, Enugu",Enugu,"No.5 Auhi Street, Independence Layout, Enugu",6.4562096,7.5294245
"INEC Nigeria Hqtr, Abuja",FCT,"No.3 Olusegun Obasanjo Way, Area 10 Garki, Abuja",9.039736,7.4846524
"INEC Gombe Hqtr, Gombe",Gombe,"Along Bauchi Road, behind Total Filling Station, P.M.B. 50, Gombe State",10.290956,11.133903
"INEC Imo Hqtr, Owerri",Imo,"Plot 1002 Port-Harcourt Road, Opposite Imo State Secretariat, Owerri",5.476379,7.010559
"INEC Jigawa Hqtr, Dutse",Jigawa,"INEC Link Street, Off Sani Abacha Way, Dutse, Jigawa",11.71923,9.35991
"INEC Kebbi Hqtr, Birnin Kebbi",Kebbi,"Olusegun Obasanjo Avenue, Aliero Quarters, P.M.B. 1038 Birnin Kebbi.",12.4527,4.20065
"INEC Kaduna Hqtr, Kaduna",Kaduna,"No.109, Isa Kaita Road, P.M.B. 2322, Ungwar Rimi, Kaduna",10.5478485,7.4566833
"INEC Kogi Hqtr, Lokoja",Kogi,"Along Marine Road, Lokoja P.M.B. 1034",7.80137152,6.746167975
"INEC Kano Hqtr, Kano",Kano,"No. 1 Pilgrims Camp Way (Kofar Mazugal), Opposite Hajj Camp, P.M.B 3435, Kano",12.027758,8.522139
"INEC Katsina Hqtr, Katsina",Katsina,"Daura Road, Behind Kupda Kastina",12.991684,7.638025
"INEC Kwara Hqtr, Ilorin",Kwara,"Western Reservoir Road, Yebumot Hotel Area, Ilorin",8.4801977,4.4988242
"INEC Lagos Hqtr, Lagos",Lagos,"No. 6 Birrel Avenue, Sabo, Yaba, Lagos",6.5089256,3.3801858
"INEC Niger Hqtr, Minna",Niger,"David Mark Road, Tunga, Minna, P.M.B. 84",9.615976,6.5656279
"INEC Nasarawa Hqtr, Lafia",Nassarawa,"Kurikyo Road, Off Sani Abacha Way (Jos Road) Lafia, P.M.B. 039, Lafia",8.53333,8.55
"INEC Ondo Hqtr, Alagbaka",Ondo,"No.12, Ola Akadiri Street, Algbaka Quarters, Akure, Ondo State",7.24653,5.217
"INEC Ogun Hqtr, Abeokuta",Ogun,"Opposite Olusegun Obasanjo Library, Magbon, Abeokuta",7.1259889,3.3588871
"INEC Osun Hqtr, Osogbo",Osun,"KM 4. Gbongan Road, Abere, Osogbo, P.M.B. 4344 Abere",7.791994,4.54179
"INEC Oyo Hqtr, Ibadan",Oyo,"Parliament Road, P.M.B. 034, Agodi Gate Office, Ibadan",7.398063938,3.978493573
"INEC Plateau Hqtr, Jos",Plateau,"Miango Road, P.M.B 2739, Jos",9.8629268,8.8662419
"INEC Rivers Hqtr, Port Harcourt",Rivers,"Plot 236, Aba Road, Port-Harcourt.",4.817084248,7.009455249
"INEC Sokoto Hqtr, Sokoto",Sokoto,"No.3 Tangaza Road, Opposite Police HQ, Low Cost, Sokoto.",13.06092,5.23902
"INEC Taraba Hqtr, Jalingo",Taraba,"Wuro Sembe Road, P.M.B.1046, Jalingo",8.879033,11.385662
"INEC Yobe Hqtr, Damaturu",Yobe,"KM 6 Kashim Ibrahim Way, Damaturu",11.7444,11.96255
"INEC Zamfara Hqtr, Gusau",Zamfara,"Along Obasanjo Drive, Off Bye-Pass Road, P.M.B 01002, Gasau.",12.190819,6.661709
