<?xml version="1.0" encoding="UTF-8"?>
<metadata xml:lang="en"><Esri><CreaDate>20190831</CreaDate><CreaTime>12565900</CreaTime><ArcGISFormat>1.0</ArcGISFormat><SyncOnce>TRUE</SyncOnce><DataProperties><lineage><Process ToolSource="c:\program files (x86)\arcgis\desktop10.5\ArcToolbox\Toolboxes\Conversion Tools.tbx\ExportCAD" Date="20190831" Time="125659">ExportCAD NGA_adm1 DWG_R2013 "C:\Users\Yusuf_08039508010\Desktop\Rec\GIS Project\ArcGIS\other files\NGA_adm1.DWG" Ignore_Filenames_in_Tables Overwrite_Existing_Files #</Process></lineage></DataProperties></Esri></metadata>
